{
  "swing": {
    "strategy_name": "swing",
    "total_return": 0.007274678262367041,
    "annualized_return": 0.010553899173276537,
    "sharpe_ratio": -0.04623908398162224,
    "sortino_ratio": -0.03227553139237965,
    "max_drawdown": 0.29250538254579517,
    "win_rate": 0.4375,
    "profit_factor": 1.016110654573935,
    "total_trades": 16,
    "avg_trade_duration": 6.625,
    "volatility": 0.20428823439663776,
    "beta": 0.043311428598093386,
    "alpha": -0.000688756884527306,
    "calmar_ratio": 0.03608104261679424
  },
  "mirror": {
    "strategy_name": "mirror",
    "total_return": 0.3436688735605896,
    "annualized_return": 0.5339815415495135,
    "sharpe_ratio": 6.008950394400111,
    "sortino_ratio": 7.884628430937881,
    "max_drawdown": 0.2590454333898358,
    "win_rate": 0.6,
    "profit_factor": 2.266760523879727,
    "total_trades": 5,
    "avg_trade_duration": 31.8,
    "volatility": 0.08553599344546188,
    "beta": -0.007414136268138531,
    "alpha": 0.517591683277256,
    "calmar_ratio": 2.0613431959092985
  },
  "mean_reversion": {
    "strategy_name": "mean_reversion",
    "total_return": 0.2780166199712728,
    "annualized_return": 0.4266216873214719,
    "sharpe_ratio": 1.516163314477114,
    "sortino_ratio": 0,
    "max_drawdown": 0.18273339829757274,
    "win_rate": 0.8,
    "profit_factor": 2.4788896518756935,
    "total_trades": 5,
    "avg_trade_duration": 15.4,
    "volatility": 0.26819121887387526,
    "beta": -0.05507003842796898,
    "alpha": 0.39548681407822556,
    "calmar_ratio": 2.3346672874037977
  },
  "momentum": {
    "strategy_name": "momentum",
    "total_return": -0.8242186003293611,
    "annualized_return": -0.9193862383135047,
    "sharpe_ratio": -2.152922705509225,
    "sortino_ratio": -1.5608708958849355,
    "max_drawdown": 0.8076535610910491,
    "win_rate": 0.20833333333333334,
    "profit_factor": 0.2203301826849303,
    "total_trades": 24,
    "avg_trade_duration": 7.875,
    "volatility": 0.43633068475224907,
    "beta": 0.05825037819694831,
    "alpha": -0.9276083170316347,
    "calmar_ratio": -1.1383423321646937
  }
}