{
  "best_parameters": {
    "berkshire_confidence": 0.7052089725822592,
    "bridgewater_confidence": 0.9046608941749473,
    "renaissance_confidence": 0.9306593716740167,
    "soros_confidence": 0.8437221415475371,
    "tiger_confidence": 0.6528821222176141,
    "third_point_confidence": 0.5062336086707506,
    "pershing_confidence": 0.6793138823393523,
    "appaloosa_confidence": 0.7974709722369735,
    "max_position_pct": 0.032909348556687285,
    "min_position_pct": 0.005060319837579581,
    "increased_position_multiplier": 0.970834694564086,
    "sold_position_multiplier": 0.772575818013722,
    "reduced_position_multiplier": 0.41280146800806405,
    "immediate_entry_days": 2,
    "immediate_entry_price_threshold": 0.015,
    "prompt_entry_days": 7,
    "prompt_entry_price_threshold": 0.05,
    "wait_pullback_threshold": 0.15,
    "max_chase_immediate": 1.015,
    "max_chase_prompt": 1.03,
    "max_chase_pullback": 1.05,
    "take_profit_threshold": 0.16892253762463813,
    "stop_loss_threshold": -0.23288094052830935,
    "long_term_profit_threshold": 0.15,
    "long_term_days": 365,
    "institutional_position_scale": 0.31157310189042475,
    "ceo_confidence": 0.9,
    "cfo_confidence": 0.8,
    "president_confidence": 0.85,
    "director_confidence": 0.7,
    "officer_confidence": 0.65,
    "owner_10pct_confidence": 0.75,
    "large_transaction_threshold": 100000,
    "large_transaction_multiplier": 1.1,
    "small_transaction_threshold": 1000,
    "small_transaction_multiplier": 0.8,
    "time_penalty_window": 14,
    "price_change_penalty_multiplier": 5.0
  },
  "performance_metrics": {
    "bull_sharpe_ratio": 6.553057451188913,
    "bull_max_drawdown": 0.0867726963818545,
    "bull_win_rate": 0.625,
    "bull_avg_return": 0.022115972808795438,
    "bull_volatility": 0.05357502004844169,
    "bear_sharpe_ratio": -2.3269820130134193,
    "bear_max_drawdown": 0.23447879789767445,
    "bear_win_rate": 0.36363636363636365,
    "bear_avg_return": -0.008034405214627689,
    "bear_volatility": 0.05481014810947609,
    "sideways_sharpe_ratio": 1.2020716363434487,
    "sideways_max_drawdown": 0.22146394560438207,
    "sideways_win_rate": 0.56,
    "sideways_avg_return": 0.00468338211973871,
    "sideways_volatility": 0.06184854883294918,
    "volatile_sharpe_ratio": 11.411005625293033,
    "volatile_max_drawdown": 0.05079985258635113,
    "volatile_win_rate": 0.875,
    "volatile_avg_return": 0.02983315088244633,
    "volatile_volatility": 0.041502616326188964,
    "weighted_avg_sharpe_ratio": 4.1433434487156315,
    "weighted_avg_max_drawdown": 0.14952672269267606,
    "weighted_avg_win_rate": 0.6032272727272728
  },
  "improvement": 7250.072979892391,
  "optimization_time": 154.6900622844696
}