{
  "timestamp": "2025-11-15T00:47:15.427Z",
  "config": {
    "newsArticleCount": 1000,
    "sentimentSamples": 100,
    "predictionMarkets": 50,
    "orderBookDepth": 20,
    "iterations": 10,
    "warmupRuns": 3
  },
  "metrics": {
    "analyze_news": {
      "count": 130,
      "min": 0.0087960000000038,
      "max": 4.298268999999991,
      "mean": 0.05199267692307632,
      "median": 0.01286400000000043,
      "p95": 0.035326000000004854,
      "p99": 0.42805800000000005
    },
    "control_news_collection": {
      "count": 40,
      "min": 10.17422700000003,
      "max": 13.200845999999999,
      "mean": 10.576356300000006,
      "median": 10.204713999999996,
      "p95": 12.887772999999996,
      "p99": 13.200845999999999
    },
    "get_news_trends": {
      "count": 10,
      "min": 0.004618999999991047,
      "max": 0.15415799999999535,
      "mean": 0.023904599999997344,
      "median": 0.007504000000039923,
      "p95": 0.15415799999999535,
      "p99": 0.15415799999999535
    },
    "get_prediction_markets": {
      "count": 10,
      "min": 0.028773000000001048,
      "max": 0.2682699999999727,
      "mean": 0.05624779999999987,
      "median": 0.03266000000002123,
      "p95": 0.2682699999999727,
      "p99": 0.2682699999999727
    },
    "analyze_market_sentiment": {
      "count": 10,
      "min": 0.004397999999980584,
      "max": 0.08163200000001325,
      "mean": 0.013013300000005756,
      "median": 0.0050190000000043256,
      "p95": 0.08163200000001325,
      "p99": 0.08163200000001325
    },
    "get_market_orderbook": {
      "count": 10,
      "min": 0.013776000000007116,
      "max": 0.24056799999999612,
      "mean": 0.04010799999999222,
      "median": 0.0186350000000175,
      "p95": 0.24056799999999612,
      "p99": 0.24056799999999612
    },
    "place_prediction_order": {
      "count": 10,
      "min": 0.00440800000001218,
      "max": 0.08965699999998833,
      "mean": 0.014834600000000364,
      "median": 0.006933000000003631,
      "p95": 0.08965699999998833,
      "p99": 0.08965699999998833
    },
    "get_prediction_positions": {
      "count": 10,
      "min": 0.003746999999975742,
      "max": 0.0686179999999581,
      "mean": 0.011663599999991447,
      "median": 0.004088000000024294,
      "p95": 0.0686179999999581,
      "p99": 0.0686179999999581
    },
    "calculate_expected_value": {
      "count": 3,
      "min": 0.013084000000048945,
      "max": 2.1911120000000324,
      "mean": 0.7401020000000168,
      "median": 0.016109999999969205,
      "p95": 2.1911120000000324,
      "p99": 2.1911120000000324
    },
    "batch_sentiment_analysis": {
      "count": 10,
      "min": 0.4490759999999909,
      "max": 4.219701999999984,
      "mean": 1.2197075999999925,
      "median": 0.8000999999999863,
      "p95": 4.219701999999984,
      "p99": 4.219701999999984
    }
  },
  "validation": {
    "sentiment": {
      "mae": 0.427,
      "rmse": 0.5134491211405467,
      "accuracy": 0.7,
      "correlation": 0.7309976850584615
    },
    "expectedValue": {
      "averageError": 60.28333333333336,
      "testCases": 3
    }
  },
  "loadTest": {
    "articlesProcessed": 1000,
    "totalDuration": 12.31872199999998,
    "throughput": 81177.25199091282
  }
}